--DROP DATABASE QLSIEUTHIMINI
CREATE DATABASE QLSIEUTHIMINI
GO
USE QLSIEUTHIMINI
GO
CREATE TABLE NhanVien
(
MANV VARCHAR(10) UNIQUE,
TENTK VARCHAR(10),
TENNV NVARCHAR(40),
CMND_CCCD VARCHAR(12),
NGAYSINH DATETIME,
GIOITINH NVARCHAR(3),
SDT VARCHAR(12),
DIACHI NVARCHAR(MAX),
CHUCVU NVARCHAR(20),
HINHANH IMAGE,
NGAYVAOLAM DATETIME DEFAULT GETDATE(),
TRANGTHAINV BIT DEFAULT 1,
CONSTRAINT pk_NHANVIEN PRIMARY KEY(MANV)
)
GO
CREATE TABLE KhachHang
(
MAKH VARCHAR(10),
TENKH NVARCHAR(40),
CMND_CCCD VARCHAR(12),
NGAYSINH DATETIME,
GIOITINH NVARCHAR(3),
SDT VARCHAR(12),
DIACHI NVARCHAR(MAX),
TRANGTHAIKH BIT DEFAULT 1,
CONSTRAINT pk_KHACHHANG PRIMARY KEY(MAKH)
)
GO
CREATE TABLE TaiKhoan
(
TEN_TAIKHOAN VARCHAR(10),
MATKHAU VARCHAR(15),
CHOPHEP_LOGON BIT DEFAULT 1,
TRANGTHAITK BIT DEFAULT 1,
CONSTRAINT pk_TAIKHOAN PRIMARY KEY(TEN_TAIKHOAN)
)
GO
CREATE TABLE HoaDon
(
MAHD INT UNIQUE,
MA_NHANVIEN VARCHAR(10),
MA_KHACHHANG VARCHAR(10),
NGLAP DATETIME DEFAULT GETDATE(),
TRANGTHAIHD BIT DEFAULT 1,
CONSTRAINT pk_HOADON PRIMARY KEY(MAHD)
)
GO
CREATE TABLE CT_HoaDon
(
MA_HD INT,
MASP VARCHAR(10),
SOLUONG INT DEFAULT 0,
DONGIA MONEY DEFAULT 0,
GIAMGIA FLOAT DEFAULT 0,
TRANGTHAICTHD BIT DEFAULT 1,
CONSTRAINT pk_CT_HOADON PRIMARY KEY(MA_HD,MASP)
)
GO
CREATE TABLE SANPHAM
(
MASP VARCHAR(10),
MALSP VARCHAR(10),
TENSP NVARCHAR(20),
MANCC VARCHAR(10),
DONVITINH NVARCHAR(50),
DONGIA MONEY DEFAULT 0,
GIAGOC MONEY DEFAULT 0,
SOLUONG INT DEFAULT 0,
SOLUONGTON INT DEFAULT 0,
GIAMGIA FLOAT DEFAULT 0,
NGAYSX DATETIME,
HANSD DATETIME,
HINHANH IMAGE,
TRANGTHAISP BIT DEFAULT 1
CONSTRAINT pk_SANPHAM PRIMARY KEY (MASP)
)
GO
----
CREATE TABLE NhaCungCap
(
MA_NCC VARCHAR(10),
TENNCC NVARCHAR(50),
DIACHI NVARCHAR(MAX),
TRANGTHAINCC BIT DEFAULT 1,
CONSTRAINT pk_NHACC PRIMARY KEY(MA_NCC)
)
----
GO
CREATE TABLE LOAISANPHAM
(
MA_LOAI_SP VARCHAR(10),
TEN_LOAI_SP NVARCHAR(50),
TRANGTHAILSP BIT DEFAULT 1,
CONSTRAINT pk_LOAISANPHAM PRIMARY KEY(MA_LOAI_SP)
)
GO
CREATE TABLE Phieu_XuatKho
(
MA_PHIEU INT,
MAKHO INT,
MA_NHANVIEN VARCHAR(10),
DIACHIXUAT NVARCHAR(MAX),
NGAYLAP DATETIME DEFAULT GETDATE(),
LOAPHIEU INT,
TRANGTHAIPNXK BIT DEFAULT 1,
CONSTRAINT pk_PHIEU_XUATKHO PRIMARY KEY(MA_PHIEU)
)
GO

CREATE TABLE Phieu_NhapKho
(
MA_PHIEU INT,
MAKHO INT,
MANCC VARCHAR(10),
MA_NHANVIEN VARCHAR(10),
NGAYLAP DATETIME DEFAULT GETDATE(),
LOAPHIEU INT,

TRANGTHAIPNXK BIT DEFAULT 1,
CONSTRAINT pk_PHIEU_NHAPKHO PRIMARY KEY(MA_PHIEU)
)
GO
CREATE TABLE CT_Phieu_NhapXuatKho
(
MA_PHIEU INT,
MASP VARCHAR(10),
SOLUONG INT DEFAULT 0,
TRANGTHAICTPNXK BIT DEFAULT 1,
CONSTRAINT pk_CT_PHIEU_NHAPXUATKHO PRIMARY KEY(MA_PHIEU,MASP)
)
GO
CREATE TABLE Kho
(
MaKho INT,
TenKho NVARCHAR(MAX),
DIACHIKHO NVARCHAR(MAX),
CONSTRAINT pk_KHO PRIMARY KEY(MaKho)
)
GO
ALTER TABLE NHANVIEN
ADD CONSTRAINT fk_NHANVIEN_TAIKHOAN FOREIGN KEY(TENTK) REFERENCES TAIKHOAN(TEN_TAIKHOAN)
ALTER TABLE HOADON
ADD CONSTRAINT fk_HOADON_NHANVIEN FOREIGN KEY(MA_NHANVIEN) REFERENCES NHANVIEN(MANV)
GO
ALTER TABLE HOADON
ADD CONSTRAINT fk_HOADON_KHACHHANG FOREIGN KEY(MA_KHACHHANG) REFERENCES KHACHHANG(MAKH)
GO
ALTER TABLE SANPHAM 
ADD CONSTRAINT fk_SANPHAM_NCC FOREIGN KEY(MANCC) REFERENCES NHACUNGCAP(MA_NCC)
GO
ALTER TABLE CT_HOADON
ADD CONSTRAINT fk_CT_HOADON_HOADON FOREIGN KEY(MA_HD) REFERENCES HOADON(MAHD)
GO
ALTER TABLE CT_HOADON
ADD CONSTRAINT fk_CT_HOADON_SANPHAM FOREIGN KEY(MASP) REFERENCES SANPHAM(MASP)
GO
ALTER TABLE SANPHAM
ADD CONSTRAINT fk_SANPHAM_LOAISANPHAM FOREIGN KEY(MALSP) REFERENCES LOAISANPHAM(MA_LOAI_SP)
ALTER TABLE Phieu_NhapKho
ADD CONSTRAINT fk_Phieu_NK_Kho FOREIGN KEY(MAKHO) REFERENCES KHO(MaKho)
ALTER TABLE Phieu_NhapKho
ADD CONSTRAINT fk_Phieu_NK_NCC FOREIGN KEY(MANCC) REFERENCES NhaCungCap(Ma_NCC)
ALTER TABLE Phieu_NhapKho
ADD CONSTRAINT fk_Phieu_NK_NV FOREIGN KEY(MA_NHANVIEN) REFERENCES NhanVien(MANV)
ALTER TABLE Phieu_XuatKho
ADD CONSTRAINT fk_Phieu_XK_Kho FOREIGN KEY(MAKHO) REFERENCES KHO(MaKho)
ALTER TABLE Phieu_XuatKho
ADD CONSTRAINT fk_Phieu_XK_NV FOREIGN KEY(MA_NHANVIEN) REFERENCES NhanVien(MANV)
ALTER TABLE CT_Phieu_NhapXuatKho
ADD CONSTRAINT fk_CT_Phieu_NhapXuatKho_SP FOREIGN KEY(MASP) REFERENCES SANPHAM(MASP)
ALTER TABLE CT_Phieu_NhapXuatKho
ADD CONSTRAINT fk_CT_Phieu_NhapXuatKho_PHIEU_XUAT FOREIGN KEY(MA_PHIEU) REFERENCES Phieu_XuatKho(MA_PHIEU)
ALTER TABLE CT_Phieu_NhapXuatKho
ADD CONSTRAINT fk_CT_Phieu_NhapXuatKho_PHIEU_NHAP FOREIGN KEY(MA_PHIEU) REFERENCES Phieu_NhapKho(MA_PHIEU)

GO

INSERT TaiKhoan VALUES('AD1','123',1,1)
INSERT NhanVien(MANV,TENTK,TENNV,CMND_CCCD,NGAYSINH,GIOITINH,SDT,DIACHI,CHUCVU,NGAYVAOLAM,TRANGTHAINV) VALUES('AD1','AD1',N'Trương Gia Huy','312502659','2002/11/21','Nam','0919356603',N'TP.HCM',N'Quản trị viên',GETDATE(),1)

INSERT TaiKhoan VALUES('NV1','123',1,1)
INSERT NhanVien(MANV,TENTK,TENNV,CMND_CCCD,NGAYSINH,GIOITINH,SDT,DIACHI,CHUCVU,NGAYVAOLAM,TRANGTHAINV) VALUES('NV1','NV1',N'Ngô Thanh Hậu','112233445','2002/4/25','Nam','0112233344',N'TP.HCM',N'Nhân Viên',GETDATE(),1)

INSERT TaiKhoan VALUES('NV2','123',1,1)
INSERT NhanVien(MANV,TENTK,TENNV,CMND_CCCD,NGAYSINH,GIOITINH,SDT,DIACHI,CHUCVU,NGAYVAOLAM,TRANGTHAINV) VALUES('NV2','NV2',N'Nguyễn Công Hiếu','223344556','2002/5/10','Nam','0223344556',N'TP.HCM',N'Nhân Viên',GETDATE(),1)

INSERT TaiKhoan VALUES('NV3','123',1,1)
INSERT NhanVien(MANV,TENTK,TENNV,CMND_CCCD,NGAYSINH,GIOITINH,SDT,DIACHI,CHUCVU,NGAYVAOLAM,TRANGTHAINV) VALUES('NV3','NV3',N'Trần Chí Khải','223344556','2002/5/10','Nam','0223344556',N'TP.HCM',N'Nhân Viên',GETDATE(),1)

INSERT TaiKhoan VALUES('NV4','123',1,1)
INSERT NhanVien(MANV,TENTK,TENNV,CMND_CCCD,NGAYSINH,GIOITINH,SDT,DIACHI,CHUCVU,NGAYVAOLAM,TRANGTHAINV) VALUES('NV4','NV4',N'Trần Chí Khải','223344556','2002/5/10','Nam','0223344556',N'TP.HCM',N'Nhân Viên',GETDATE(),1)

INSERT TaiKhoan VALUES('NV5','123',1,1)
INSERT NhanVien(MANV,TENTK,TENNV,CMND_CCCD,NGAYSINH,GIOITINH,SDT,DIACHI,CHUCVU,NGAYVAOLAM,TRANGTHAINV) VALUES('NV5','NV5',N'Trần Chí Khải','223344556','2002/5/10','Nam','0223344556',N'TP.HCM',N'Nhân Viên',GETDATE(),1)

INSERT TaiKhoan VALUES('NV6','123',1,1)
INSERT NhanVien(MANV,TENTK,TENNV,CMND_CCCD,NGAYSINH,GIOITINH,SDT,DIACHI,CHUCVU,NGAYVAOLAM,TRANGTHAINV) VALUES('NV6','NV6',N'Trần Chí Khải','223344556','2002/5/10','Nam','0223344556',N'TP.HCM',N'Nhân Viên',GETDATE(),1)

INSERT TaiKhoan VALUES('NV7','123',1,1)
INSERT NhanVien(MANV,TENTK,TENNV,CMND_CCCD,NGAYSINH,GIOITINH,SDT,DIACHI,CHUCVU,NGAYVAOLAM,TRANGTHAINV) VALUES('NV7','NV7',N'Trần Chí Khải','223344556','2002/5/10','Nam','0223344556',N'TP.HCM',N'Nhân Viên',GETDATE(),1)

INSERT TaiKhoan VALUES('NV8','123',1,1)
INSERT NhanVien(MANV,TENTK,TENNV,CMND_CCCD,NGAYSINH,GIOITINH,SDT,DIACHI,CHUCVU,NGAYVAOLAM,TRANGTHAINV) VALUES('NV8','NV8',N'Trần Chí Khải','223344556','2002/5/10','Nam','0223344556',N'TP.HCM',N'Nhân Viên',GETDATE(),1)

INSERT TaiKhoan VALUES('NV9','123',1,1)
INSERT NhanVien(MANV,TENTK,TENNV,CMND_CCCD,NGAYSINH,GIOITINH,SDT,DIACHI,CHUCVU,NGAYVAOLAM,TRANGTHAINV) VALUES('NV9','NV9',N'Trần Chí Khải','223344556','2002/5/10','Nam','0223344556',N'TP.HCM',N'Nhân Viên',GETDATE(),1)

INSERT TaiKhoan VALUES('NV10','123',1,1)
INSERT NhanVien(MANV,TENTK,TENNV,CMND_CCCD,NGAYSINH,GIOITINH,SDT,DIACHI,CHUCVU,NGAYVAOLAM,TRANGTHAINV) VALUES('NV10','NV10',N'Trần Chí Khải','223344556','2002/5/10','Nam','0223344556',N'TP.HCM',N'Nhân Viên',GETDATE(),1)

INSERT TaiKhoan VALUES('NV11','123',1,1)
INSERT NhanVien(MANV,TENTK,TENNV,CMND_CCCD,NGAYSINH,GIOITINH,SDT,DIACHI,CHUCVU,NGAYVAOLAM,TRANGTHAINV) VALUES('NV11','NV11',N'Trần Chí Khải','223344556','2002/5/10','Nam','0223344556',N'TP.HCM',N'Nhân Viên',GETDATE(),1)
INSERT TAIKHOAN VALUES('NV13','123',1,1)
INSERT TAIKHOAN VALUES('NV14','123',1,1)
INSERT TAIKHOAN VALUES('NV15','123',1,1)
INSERT TaiKhoan VALUES('NV12','123',1,1)
INSERT NhanVien(MANV,TENNV,CMND_CCCD,NGAYSINH,GIOITINH,SDT,DIACHI,CHUCVU,NGAYVAOLAM,TRANGTHAINV) VALUES('NV12',N'Trần Chí Khải','223344556','2002/5/10','Nam','0223344556',N'TP.HCM',N'Nhân Viên',GETDATE(),1)
GO
CREATE PROC UpdateNhanVien @MANV VARCHAR(10),@TENTK VARCHAR(10),@TENNV NVARCHAR(40),@CMND_CCCD VARCHAR(12),@NGAYSINH DATETIME, @GIOITINH NVARCHAR(3),
@SDT VARCHAR(12), @DIACHI NVARCHAR(MAX),@CHUCVU NVARCHAR(20),@HINHANH IMAGE,@NGAYVAOLAM DATETIME,@TRANGTHAI BIT
AS
BEGIN
UPDATE NhanVien 
SET TENTK=@TENTK, TENNV=@TENNV,CMND_CCCD=@CMND_CCCD,NGAYSINH=@NGAYSINH,GIOITINH=@GIOITINH,SDT=@SDT,DIACHI=@DIACHI,CHUCVU=@CHUCVU,HINHANH=@HINHANH,NGAYVAOLAM=@NGAYVAOLAM,TRANGTHAINV=@TRANGTHAI
WHERE MANV=@MANV
END
GO
CREATE PROC updateStatusNhanVien @MANV VARCHAR(10),@TRANGTHAI BIT
AS
BEGIN
UPDATE NhanVien
SET TRANGTHAINV=@TRANGTHAI
WHERE MANV=@MANV
END
GO
CREATE PROC insertNhanVien @MANV VARCHAR(10),@TENTK VARCHAR(10),@TENNV NVARCHAR(40),@CMND_CCCD VARCHAR(12),@NGAYSINH DATETIME, @GIOITINH NVARCHAR(3),
@SDT VARCHAR(12), @DIACHI NVARCHAR(MAX),@CHUCVU NVARCHAR(20),@HINHANH IMAGE,@NGAYVAOLAM DATETIME,@TRANGTHAI BIT
AS
BEGIN
INSERT NhanVien VALUES(@MANV,@TENTK,@TENNV,@CMND_CCCD,@NGAYSINH,@GIOITINH,@SDT,@DIACHI,@CHUCVU,@HINHANH,@NGAYVAOLAM,@TRANGTHAI)
END
GO
----------
CREATE PROC UpdateKhachHang @MAKH VARCHAR(10),@TENKH NVARCHAR(40),@CMND_CCCD VARCHAR(12),@NGAYSINH DATETIME, @GIOITINH NVARCHAR(3),
@SDT VARCHAR(12), @DIACHI NVARCHAR(MAX),@TRANGTHAI BIT
AS
BEGIN
UPDATE KhachHang 
SET TENKH=@TENKH,CMND_CCCD=@CMND_CCCD,NGAYSINH=@NGAYSINH,GIOITINH=@GIOITINH,SDT=@SDT,DIACHI=@DIACHI,TRANGTHAIKH=@TRANGTHAI
WHERE MAKH=@MAKH
END
GO
CREATE PROC updateStatusKhachHang @MAKH VARCHAR(10),@TRANGTHAI BIT
AS
BEGIN
UPDATE KhachHang
SET TRANGTHAIKH=@TRANGTHAI
WHERE MAKH=@MAKH
END
GO
CREATE PROC insertKhachHang @MAKH VARCHAR(10),@TENKH NVARCHAR(40),@CMND_CCCD VARCHAR(12),@NGAYSINH DATETIME, @GIOITINH NVARCHAR(3),
@SDT VARCHAR(12), @DIACHI NVARCHAR(MAX),@TRANGTHAI BIT
AS
BEGIN
INSERT KhachHang VALUES(@MAKH,@TENKH,@CMND_CCCD,@NGAYSINH,@GIOITINH,@SDT,@DIACHI,@TRANGTHAI)
END
---------
GO
-----------------------------------------------------------------------------------------------------
CREATE PROC themSanPham @masp nvarchar(50) , @malsp nvarchar(50) ,  @tensp nvarchar(50) , @mancc nvarchar(50)  , @donvitinh nvarchar(50)  , @dongia int , @giagoc int , @soluong int , @soluongton int , @giamgia float , @ngaysx datetime , @hansd datetime  ,  @hinhanh image , @trangthai bit
as
begin 
 insert into SANPHAM Values(@masp,@malsp,@tensp,@mancc,@donvitinh,@dongia,@giagoc,@soluong,@soluongton,@giamgia,@ngaysx,@hansd,@hinhanh,@trangthai)
end 

go 
create proc suaSanPham  @masp nvarchar(50) , @malsp nvarchar(50) , @tensp nvarchar(50) , @mancc nvarchar(50) , 
@donvitinh nvarchar(50) , @dongia int , @giagoc int , @soluong int , @soluongton int ,	
 @giamgia float  , @ngaysx datetime , @hansd datetime , @hinhanh image , @trangthai bit 
 as 
 begin 
 update SANPHAM 
 set  MALSP = @malsp , TENSP = @tensp , MANCC = @mancc , DONVITINH = @donvitinh , DONGIA = @dongia ,
  GIAGOC = @giagoc , SOLUONG = @soluong , SOLUONGTON = @soluongton , GIAMGIA = @giamgia ,
   NGAYSX = @ngaysx , HANSD = @hansd , HINHANH = @hinhanh ,TRANGTHAISP = @trangthai 
 where MASP = @masp
 end

 go
create proc suaLoaiSanPHam @malsp nvarchar(50) , @tenlsp nvarchar(50) ,@trangthai bit
as
begin
update LOAISANPHAM 
set TEN_LOAI_SP = @tenlsp
where MA_LOAI_SP = @malsp
end	

go
 ----------------------------------------------------------------------------------------------

CREATE PROC updateTaiKhoan @TENTAIKHOAN VARCHAR(10), @MATKHAU VARCHAR(15), @CHOPHEPLOGON BIT, @TRANGTHAI BIT
AS
BEGIN
UPDATE TAIKHOAN
SET MATKHAU=@MATKHAU, CHOPHEP_LOGON=@CHOPHEPLOGON, TRANGTHAITK=@TRANGTHAI
WHERE TEN_TAIKHOAN=@TENTAIKHOAN
END
GO
CREATE PROC updateStatusTaiKhoan @TENTAIKHOAN VARCHAR(10), @STATUS BIT
AS
BEGIN
UPDATE TaiKhoan
SET TRANGTHAITK=@STATUS
WHERE TEN_TAIKHOAN=@TENTAIKHOAN
UPDATE NhanVien
SET TENTK=''
WHERE TENTK=@TENTAIKHOAN
END

GO
CREATE PROC insertTaiKhoan @TENTAIKHOAN VARCHAR(10), @MATKHAU VARCHAR(15), @CHOPHEPLOGON BIT, @TRANGTHAI BIT
AS
BEGIN
INSERT TaiKhoan VALUES(@TENTAIKHOAN,@MATKHAU,@CHOPHEPLOGON,@TRANGTHAI)
END
GO
CREATE PROC insertCTHD @MAHD INT, @MASP VARCHAR(10),@SOLUONG INT, @DONGIA MONEY,@GIAMGIA FLOAT, @TRANGTHAI BIT
AS
BEGIN
INSERT CT_HoaDon VALUES(@MAHD,@MASP,@SOLUONG,@DONGIA,@GIAMGIA,@TRANGTHAI)
UPDATE SANPHAM 
SET SOLUONG=SOLUONG-@SOLUONG
WHERE MASP=@MASP
END
GO
CREATE PROC insertHoaDon @MAHD INT, @MANV VARCHAR(10),@MAKH VARCHAR(10),@NGAYLAP DATETIME,@TRANGTHAI BIT
AS
BEGIN
INSERT HoaDon VALUES(@MAHD,@MANV,@MAKH,@NGAYLAP,@TRANGTHAI)
END
GO
CREATE PROC insertHoaDonWhenKHNULL @MAHD INT, @MANV VARCHAR(10),@NGAYLAP DATETIME,@TRANGTHAI BIT
AS
BEGIN
INSERT HoaDon(MAHD,MA_NHANVIEN,NGLAP,TRANGTHAIHD) VALUES(@MAHD,@MANV,@NGAYLAP,@TRANGTHAI)
END
GO
CREATE PROC updateStatusCTHD @MAHD INT, @MASP VARCHAR(10), @TRANGTHAI BIT
AS
BEGIN
UPDATE CT_HoaDon
SET TRANGTHAICTHD=@TRANGTHAI
WHERE MA_HD=@MAHD AND @MASP=@MASP
END
GO
CREATE PROC updateImageSP @MASP NVARCHAR(10), @HINH IMAGE
AS
BEGIN
UPDATE SANPHAM
SET HINHANH=@HINH
WHERE MASP=@MASP
END
GO
CREATE PROC deleteCTHD @MAHD INT
AS
BEGIN
DELETE CT_HoaDon
WHERE MA_HD=@MAHD
END
GO
CREATE PROC updateSoLuongSPTuCTHD @MASP VARCHAR(10), @SOLUONG INT
AS
BEGIN
UPDATE SANPHAM
SET SOLUONG=SOLUONG+@SOLUONG
WHERE MASP=MASP
END
INSERT LOAISANPHAM VALUES('123','Chai',1)
INSERT NhaCungCap VALUES('ABC','Công ty TNHH Cao Thắng','TP.HCM',1)
INSERT SANPHAM(MASP,MALSP,TENSP,MANCC,DONVITINH,DONGIA,GIAGOC,SOLUONG,SOLUONGTON,GIAMGIA,NGAYSX,HANSD,TRANGTHAISP) 
VALUES('678','123','Pepsi','ABC','Chai',10000,8000,10,100,0,GETDATE(),GETDATE(),1)
INSERT SANPHAM(MASP,MALSP,TENSP,MANCC,DONVITINH,DONGIA,GIAGOC,SOLUONG,SOLUONGTON,GIAMGIA,NGAYSX,HANSD,TRANGTHAISP) 
VALUES('789','123','ColaCoLa','ABC','Chai',10000,8000,10,100,0,GETDATE(),GETDATE(),1)
INSERT KhachHang VALUES('KH1',N'Thảo Vân','9283914',GETDATE(),N'Nữ','0010221560',N'TP.HCM',1)
SELECT * FROM NhanVien
GO
EXEC updateImageSP '678',0xFFD8FFE000104A46494600010100000100010000FFDB008400090607101011110F0F100F0D0D10100F0E10100F0E10100D0D0D1512161617111515181D2920181A281B151521312125292B313A3117203F44332C37282D2E2C010A0A0A0E0D0E1A101018322520252D2B2B35332B2D2D372D2F2B352E2E2B2D372D2F2D312C31342D2B3737372D2B2B2D2D2D2D2D2E2B372B2B2D302D372D2D2DFFC000110800C2010303012200021101031101FFC4001C0001000203010101000000000000000000000507030406080102FFC4004210000202010103060C030604070000000000010203041105213106071213517114222332344161728191B1B25273A12442438292F0173354621545538393A2D2FFC4001A010101000301010000000000000000000000010203040506FFC400271101000202010401020700000000000000000102031112042131410522B1516191A1C1E1F0FFDA000C03010002110311003F00BC40000000000000000000003F16D8A117393E8C629CA4DF0514B56C081DA3CADA28938CF45A3D3C7B230226FE7270E3FC4C7D7B3C26054BCB1DA0AFC9BAD5A693B2525DDAEEFD0E6A6E3EB688ABC7FC55C7D74F23F0BD336A9E73F0DF1925EEF8DF4284AFABFC4893C19D2B8CE3F320BB6CE72F0D7E3EF709246BAE7470FB7E6A48AAAEC8A1475738E9DFAFD089BB3287C1FE805DBFE27627E3AFE32D0FDD5CE5E23FDFA7FF003C5142D938BE0F71F689C53E251EA3D8DB561950EB2BD1C75D3552525AFB1A37CAEB9A1DAF09553C5E92E945F5B05DA9A4A5F45F32C52A0000000000000000000000000000000000000000000004472B7D0B27F2A44B915CAA5AE1E4FE4CFE8079976879CFBC8CB493DA1E73EF22ED6418353EF48FCB0064858CCBD6B35E27EC0C8A464AD981332D605A1CCE3FDB21EE59F632F128EE6717ED91F72CFB1978800014000000000000000000000000000000000000000008DE522D71327F22DFB5924686DF5FB2E47E45BF6303CBFB4BCE7DE455C4B6D5F39F79137106BB3E9F0303E4599518D23F6064899AB3044CF50167F339E991F72CFB5978147F339E991F72CFB5978080001400000000000000000000000000000000000000000D2DB4BF66C8FC8BBEC66E9A9B5FD1EFFC9B7EC60797B6A2F19F790F7131B57CF7DE47E3E2597D90A698B9DB64BA308AF5BE3F04926DBEC4C8A8E93F912B81C9ACEC85D2A712F9C3735370EAEB69FAD4E7A45FC19D0E3D78F83E2D11AF2F3179F976454E9AA7F871EB7BB77E3971EE661CDCDBAF7ADD6D973E3E3CDC927EC8F05F0468BE7AC78EEF4FA7F8ACB92395A78C7EFF00A3463C89DA5FE9937D8B2B0DBF975A47ED3D8D958BE938F7511DDE3CEB7D56FF005758BC56FE24A4211EC5F244A606D5C8A3FCAB6718E9A3ADBE95328F63AE5AC5FC8C23A98F70E9B7C24EBE9BF7FCE3FB9FB38C899E9E276D93C9359D8D2CDC3A238D915CA519E3D5BB1F294629B9531FE1CB7F9BC1B5EA67115713A6B3131B878B931DB1DE696F30B4399CF4C8FB967DACBC0A4399CF4C8FB967DACBBCAC0001400000000000000000000000000000000000000000D6DA6BC8DDF9567DACD93067AF2567E5CFED60796B6AF9F2EF24F6357D462CEF5BAFCB73A6B92E35E1C1A5634FD4E73F17BAB6466D6F3A5DEC9CDA91E8F55570EA71716AEF93AA3649FF005D9234E6B6AAF43E370C64CF1BF11DD13A1F433EB3865F53044CD18B7A249B6DA492E2E4F724BDA6181D9F20362F5B67854D792A9F93D56E9DDDBDD1FAE9D8C56B36B6A1867CF5C18A6F6F5F776DB076778363D546ED611F1DAE0EC7BE4FFA9B2A7E71F66429CC76D6946BC873938AFDDC88B5D62D3DBD284FFEE32E84553CBE9758B2DADFD467D324FD93A6754D7F5555FC8F522BDBB7A7C4DAF36B4DA7CCA4399BF4C8FB967DACBC4A3799BF4C8FB967DACBC880002800000000000000000000000000000000000000001872D7939FB93FA33318F2178B2F765F403CABB67CE9AF6B3A1DBD24EE9C970946992EE95306BF46880DB2BCA4BBD933913E9D18972FDEC7544BB7ADC77D53D7F9154FF991CF9E3E87ABF13688CF313EE27F8946B0C69BD2E2DBD125C5B7EA4759B0391765BA5995D2A29DCFABE17D8BDBF8177EFF0062E272D6B369D43DECDD463C35E579D233933B06CCCB345AC28835D6DBD9FEC8F6C9FE9C7B13B6B131E154235D7150AE0946315C1246BD71A71AB51F278F44168B56A15C577BFA911B4B9698B526AA6F2ACF52AF757AFB66F769EEEA7762C3C7C797CB75BD6DBA8B7E158F11FEF699DB1B4A18D4CAE969AA5A422FF8963F363FDFA932A6CEB1BC4CB949EB29DB8BAB7C653764E4DFFEB23636B6D7BB2E7D3B5AD16AA108EEAEB5D8976F6B7BFF0043476F4FA1894C3F7B23267777D5441D6B5FE6B6CFE96754D78D25C31DE5D2F337E9B1F72CFB19791467337E9B1F72CFB19799A1B0001400000000000000000000000000000000000000000FCD8B73EE7F43F47C60795F6DAF293F79FD4DEE46E455394B0721C95774D5B44A128C64B2D47A3D0D64B4F1E3A477FAE31ED3536FAF2B3F79FD482B4C75131DD9D6F6A5B956752EFA3CA18E2CA51C5C2AA8B22DC2565EE77642D1E8D6BBBA2F770E06A6672A73ACD75C89C13F554A3569DD28252FD48FC4DBB465250CF93A3252518E6C62E71B52DC964416FD74DDD62F8F0DFBB6727B25C7ACAA11CBA5F0B71271BEB977747C6F9A3A29C35DA1AEF6BDA7769DCA32564A72E94E529CFF0014E4E527F17BCD8833F556C8CA6F458B92DF6783DBFF00C9252D892A574F36DAB67D7C7CB494AF9AD3F874C1B949FB371B794435E98366E1CAEB1422D4568E739CB7429AA3BE564DFAA297F7BC83E506D38E4E439D49AC7AE30C7C74D692F0786BA4A5ED93729BF6CCD8DBBCA284EB7898709D388DA76D936BC2735C783B34DD1827C20BE3D840D473E4BF26758D2D0E66FD363EE59F632F328BE66BD361EE59F632F435B20005000000000000000000000000000000000000000000001E5BE512F2D67BF2FA90169D472CD699791C3FCEB382D179CFD5EA23B92F870BF368AAD8BB2B6ED9CA09E8EC55D33B143E2E097C48B2E7D9F69B655BE95729D73FC55CA509FCD6F3AAAB2AADA3465F4B131716EC6C6966D16E1D3D4C542B6B5A2C49E93D53DCDF633A3B393955128E35783B3F32B8C21E1166466461B42D728A72B2BF19752B7EEEEF57108AF5EDACB6B479796D763CBBDAF9748D5D756DBDF27BDB7BDB7ED7EB3B1FF8461E1F87E5E95ED3A71AFAB1B16B94FA58F29D918C9CAD71DD3E8A97474E0DC5FAF46BE28E164E2C33EDC6AB0BC1B371E8CB8E2A9431F27165A4A4E35EBE2CD27EA7AE9AFB340E5716A76590AE2E2A564E15A7296915294945393F52D5EF665B2975CE75B7172AE73ADB8BE941B8C9C5B8BF5ADDB99DC6D28F5F2A2DC696C9C8D9F567E1E9E098FD4E6635565C942B9A6B741FAFD6DAEF392DB7538E5E5269C57856538A6B45D1EBE6935ECDDFA01DFF00334FF6D87B96FD8CBD4A2799AF4E87B96FD8CBD840000A000000000000000000000000000000000000000000003CC5CAE6DE4DEDBD5BB6C6DF6BE9323B93B9F0C6CBAAF9C9C215AC8F192727194F1ED845A4BFDD28927CB25A655FF9B67DCCE5EE31594967F2A322EAA74B8E3531B9C65912C7C78D36E5496FF2B24FC6DFBF769F2DC66C7E56CE31AFAEC5C2CCBA88C614E46453295F0847CD5269AE9E9EAD7F57BCE78F8CA8EBB637289538396E4B16DBEFCE84E58B6D51755D4CA0BA4FAA8E9A45492DEB4D1A4686672A2F9F52AA863E1558F675F4D38D4A5546FF00FAB252D7A72E3C7B781CF232C409FDA3CABCABD462FA8A231B6390D6363C2A56E445EB1B2CE3D369EFDFBBD9C0D0CACEB6F9F5974DDB669A74A5A6BA6ADFA976B669A32D680B2F99BF4E87B96FD8CBD8A2F99B8BF0D83D372859AF62F1197A08000140000000000000000000000000000000000000000000079B397B57473325765D67DCCE42F4775CE5C34CEC8FCC91C35C62B29DA391764E34CE37D7E5EBC5B529C7AB8C237BA9745CE52D1CD759E6ADED28E9BE6923E445F28AEAADA6CB6314EDADBB2BE85B3AFADAEB84E51E8CDCA0D6FD74D776BBD1CEC2FB23BA339C17494F48D928AE9AD3496E7C57463BFD8BB09BBE744A2AB5B4F29D494AB55CE3932AE353E96B149E8926943C5D37EBA7AB75463DA3C92C8C7AACBAC9D4FAA8AB255C3AE94FA9EB3AB73D5D6A2B496AB46D3DCFD9AEDD7C8CC86ED8C6519D94E33C9B231AEDD14DC54E1429B8A5294A2DEF5AAD62D766BA2B23ADAD42FDA57B8592AECB6A9F84DB0E9EE72935AB5292D3776B8A66DF4B11A8465B433271AD7938E97742A945C947A0A4B45A45EED12E2F86BA01B5B4791F2C7A6FB6CB67AD529A83F0771A26A33AE2A329B96B19CFACE942293D545BD77EEE76A462E2FA52DF2ED7BE5F333D280B4F9988E992DF6C25A71F5477FDCBE65D4547CCC27D292D3C54E6DBDDB9B8C56F7C7D5C3D85B8200005000000000000000000000000000000000000000000001E7CE73A3FB7647BEFE8705722C2E745699B7FBDAFE88AFAF318596AB3E33F4D9F1951F94658A31A32C40FDC4D8A51AE99B147120B87999BBC69D7A47F1EBBFA5E6B5A7669C3FB65B254FCD164A738D693D5426E4F44A3C5E9C37C9EF5BDF716C16000050000000000000000000000000000000000000000000015CF38FC84BB324F2715C65634BA7549F45C9A5A6B0970F83F994B6D9D83978EDABF1AFA92E3275C9D7FD6BC5FD4F579AD918BD2E1A77496BFAF131D2EDE3D4D3E0D3EE7A9F743D539DC9EA2DD7AEC5A6E4FF1D55D9AFCD3222CE436CD7FF2EA17BB8D08FD1208F36A3223D191E42ECCFF004357C6936F1B91FB3E0F586CEC652FC5E095EBF37103CD94C5CA4A31F1A4F8463BE4FB923AAD87C8ADA39325D0C5B2107FBF72EA62976E92DED77267A0B1767286EAE9AEA5EC518AD3BA248554E9C5EBEC4B4434399E42F23D6CF8B959356E44D68FA2B4AE0BB16BBDF79D6006510000000000000000000000000000000000000000000000000000000000000000000000000000000000000000000003FFD9
GO
EXEC updateImageSP '789',0xFFD8FFE000104A46494600010100000100010000FFDB0084000906071113121512131216151517181719151618181D171819181513181818181918191D28201A1A251B1617213122252A2B2E2E2F1B203338332C37282D2F2B010A0A0A0E0D0E1B10101B2B2620252D2F2D2D2D2F2E2D2D2D2F2D2D2B2D2D2D2D2D2D2F2D2D2D2D2D2D2D2D2D2F2F2D2D2D2D2F2F2D2D2D2D2D2D2D2D2D2D2D2DFFC0001108013600A203012200021101031101FFC4001C0001000203010101000000000000000000000607030405020108FFC40049100001030203040606070603070501000001020311002104123105064151071322617181327291A1B1B2143334425273C12362B3D1F0F12482A21543839293C2C3175354D2E116FFC4001B01000203010101000000000000000000000005030406020107FFC4003D11000103010406080307030501000000000100021103042131410512516171811322333491A1B1F032B2C114425282D1E1F1152372536292A2D206FFDA000C03010002110311003F00BC694A5084A529421294A5084A529421294A5084A529421294A5084A529421294A5084A529421294A5084A529421294A5084A542B6BEFD0492965B0A02D9D6A804F7245CFB4546F11BFF00883A3884D8FA0904E96F4A6D41318AF58D2F30C12775FE8AD9A5532ADF474FA58970FAA427E00561737BCF175D3FE73FFDAA335A98FBC3C55B6E8FB5BB0A4FFF0089FD15D94AA4D3BD49FC6E2BCC7EAAAD8C36F4B39867EB32F18CB3EF5579D3D2FC4177FD2EDBFE93BC15C94AA7FF00FEB5904D97136B898E1C75ACCCEF9B7C9DEED3F451A3A7A7F8823FA5DB3FD27782B6A9557A37CDA06EF3898078489024090A3A9B696ACAD6FD37C3107CC4FBE2BDE969FE21E2A3360B5013D13FFE27D40565D2A08C6FADE3AD695E300FB8D76F65EF2A1D5A5B2985285883226F6E7A09E3AD480CE0AAB8169875C77DDEAA414A5285E25294A1094A528425294A1095E1710674E35EEA19D24ED8532C06904A54F664E6E49194280EF215EC9E315CBDC1A24A9ACF41D5EAB693713E5993C849E4AA1C7BC90E10951C814A8515768005572A8E514C5B25290A937FBBCADC7BF4F6D793864A6F7307BB9F2E352A46E8296EE575F94179B6DA2002161C6FAC2B0330B041473F480E14A755CE3BD7D1455A34181AD30D00DD1908C80DE27F9885D7D4B64D49776F77938A69F50500B6F27540C42D4ACDD993A288440EF35DA737530E959EB0BAA4758865B4A54DB6A07E8E975654A5808E3616248BD7229B889182F6A5BA932A1A67E2196797EB8CC5C6FB943F098392073AE80C00E09F6993EEF1AEB0DD9643B84414B83AD7DF6DD0482521B58004A6D306E45AB12765E13E8A7152A800B65BCD24E275041CBE8144AC8FDD226BA0D8187B807EA142EB435E7AA4E318665CE68CF6B4E3BB6AD4C3EC7CE4048BDE45E6C273690070AC4BD9E2A64FEC6612F3387400919C20A92EB7D694AD198E7425017AE8564C70D6A37BC3B0D387612B0B5282DE21B508CAB68B485A14044E6254411CC1B71AEDCD818618AAF46D22A39A35A35802D91B67304ECC311E6B90E6CFEF81A7F7AC0EEC8E4679F0FEBCEA59B6F76996B0BD6A4BC95212CA94496D493D625320047691055F7C41881322BD6237621CC2B05C09CE8525C5A41043A925C712A850980B48CD22C072AE4D33310A46DBA9C6B07DD7E47201C7C011E318DCABF75A5A4C19F6D7637431C538B61256A4A0B889324594A02E4D80BDC729AD8DE9D8ABC3A1056A398ADC4E52498EAF28CD24DC10B041E55C04B6226FFDEB900B5D231566A3E9DA6810EBDA646DDA2470CB82FD3B4A8AF47FB7558BC282E7A6D9EAD67F142410BF120DFBC1A955386B8380217CE2B52752A8EA6EC4184A5295EA8D294A5084A5294212AB3E9855DAC2FF00C5FF00C75665561D327A785FF8BFF654368ECCF2F5099E86EFACFCDF239405D36F6FC6BAD87DE4743B85CF05385B2604950ECCC926098481C2C078D725FD019926E6D1724D80E55E30EDA4B80295941804C4C4F1205C81C62F1CF42B648C16D7A36546F584E3E620C6F824735DFD8B867461D650F25BEB54A52442B329584475A54140760E55922753CAC6A478AD9F8E4BCE1FA5A495A829616C82064EB13D606C850042592A045D5A70A89627E9385CF8752D610B8309528B6E854428104052549112358BE90345CDAD8899EB9DF4E476D5AE62A9B1B1CCA52A799278D01D175FE2A17D07D671734B60EE0E9075771FC236C9133000135C1E0F1C02CB78CB2CADC495B6D85294B6DA329566506D4B2F84CA55169E36D14EEB623AA533D77EC7E9696CA7AB8198C35D74EBAB891926F7E551B7769BCB9CCF38BCDE94AD4664241064DEC948FF0028E42BD1DA0FC877AF7334919B3AA400A0B3C660A959B5D6FAD1AD23F75EB68D569905A0DC7E0188E437C122EC70200906C9DB38879D8731394B614E254961B51965B2A930127D149B1266D58CEC6C4298C2B4EBA10C38A754894C7567295A609892B17099893CEB8871CE2D4A716E2D4B2920A94A951494904124CC192239122B0B1B571095664BAB04917CCA93901427C6104A40E4634AF75A71F547D9DC0CD2D56C4643100E060666648398801CE5376958821B40770F9B3A92ACD875052860929594B872E652465684589D38115C94EF36290E292B703C50EA9492ACC61490B41CB70424859EC9D2069151E56D6C4216541D2140B864DEEEC070DC192A00493AC57867104A8A95724926DC4992401617E5407FB9FDD79F63107583488BAE0319D8065031CB82DBDE5DA8E3AC3485C10CE6093C4A491093E49007757119D0F80ADBDAA7B3E75A6D1B1F015E7DE5335A1B4A008BC9F1327CD5B9D0EFD99DFCC1FC34D58355FF00439F6677F307F0D3560533A1D98585D25DEEA714A52952AA294A528425294A109558F4C23F6985FF0089F14559D559F4B9F5D83F15FC5150DA3B33CBD4267A1BBEB383BE472AF9E881E07E27BBFAF756B95768F80ACF8A3A787EA6B6F76B6727138C6D85A8A52A90A2358092604F13963CE96449002DB873594DCF760012780C54A774D48C7E1978078FED1B0578770DCA458113C40245B88368CA088463F0EB69C5B4B490A4AA0A7914CFB45E41E46A7584C36070F8ACEC3EE34E30B3D634FE5ED25261CC8B4DA729300C936ACDD2EEC800B78B48D4F56E77900941F7113DC9A95CC9A7398F31FB609750B5065B3504EA541224110FC4C6443841BA46B1DB2ABE457A411799D0E5034936937FEA2BE362D3EDD3CA2F7A92747DB35AC46294DBC80B416D6634820A60822E089D4544D049002655EAB6953754760D13762A3E83AD606F51E23E3536DE6DC4798CCE312EB7C80EDA477A40ED0EF4FB06B51DDDBC130F38A6DD77A9240EA94ABA7AC0A1015C81137B5FD87D731C0EA9F7F451D1B5D2A948D5A665A318C47118F96009139F3B1090A5A93D94DD4731306D36B98F7561C32B4ADCDE1D9AF61DE536EA0820920F020A8C1078831EE3C41AD8C7EC32C250B52B34916CB964106E95499163A8074B5EB98327729C5466AB6F1D6176FBB25CCDA4AECF9D6B366C7C2B3E3D5235B70F6F97335AC9363E1FAD7B9AE08EAAB87A1DFB33BF989FE126AC0A80F444D14E19D91AB89238820B48BFC6A7D4D28766160B4977AA9C5294A54AA8A5294A1094A528425567D2DFD760FD65FC515665565D2EFD760FC57F1454368ECCF2F5099E87EF8CE0EF91CABCC6EA3C3F5AF182C5ADA752EA4C290A041EF0A913DD6ACFB519295242AD2D8207AE994FC6B401B9F0A5456EE8C162B3B7A763A76861D1B430B75E5FDA206AA091DA1DEB4811FBC988E1321DE92C3FB3CAD6B9689694568D402F252A50B1ED805568D6D501E8EF6DBEC3AB094971882B780B9481941740E624481A8F01131DECD86E3B867558221497C05B8D0B85194AC38D5E02CE50083650EF026E34EB31CE68BC8BFF0051BB68DAB355E91A168A546A3E1AD702C71C81225AE391007549BA31BAF6D77B6B612F0CA170E34ABB4E8BA569EE3C0C6A9F88BD76FA31D9E956333A94414365C484A88995245E350335C7789E55CCDDFDB5D524E1F1092E61D64E741BA9B54E5CEDE6B858D7F91ADE682F66E2DA7D07ADC3B939169D16DA8F6927401C16316B81DF5036010EC81BC6CFDBDEC4D6D1D33E93E87DF2D21A6235AEFF00ABB68C20923AB3137D9FBDE12E1671894B2E662991211655A731900EA1574917915F779772F0D8BFDA2006DDD42D2252BE3DA0359FC42FE3A57CDE5DDE6768B21E65490E65942FEEA937ECA8F0BCF7833E1504D89BC38CD9AEFD1DD42948060B4AE127D241BC0F0949F7D5A73F57AB504B723EFE9E7924B359FA5FEF589DA9547C4CCB7C4E5B9D70371D5BA7B5F46714A1B376820E55157D13103B59544884859D51A0CA6E2523965856F061F10C3AAC3E20E86640002F8059204AE413737B9D0CD5E3B2B6AB18A4676C85653749F490A04EA3819060E96B1A86F4C5826CB2CBD60E05F563994281511DE0103FE63CEA3AD40066B833FA6CDFB958D1DA4DC6D4283D9ABAD88D8EC7580C811F10CEE74AAA7166DE758D26C7C3F5AF5892387F5CEB1703E1FAD5518AD1BB0572F442670EF7E627F849A9FD403A21FB3BDF989FE126A7F4D687C017CFF4977A7F14A52952AA294A528425294A109558F4BE25DC20F5FE66EACEAAC3A5C3FB7C27F9FE64D4368ECCF2F54D34377C6F077C8E55F6D557693727B29D4C9D39F2AD21A9F0ADDDA7E98F547CB5B7B9FB3C6231AD327D12429439A500A883E291EFA5512602DCB1EDA7475DD8012780127C95A3D1A6C2FA3E1BAD50871E0955F54A00EC0F392AF303857315BE0C6131CE61D209C34F6A2E1A767B6503822F747304A791EF6FE6F00C261CE53FB57252DF75BB4A1EAC88EF23BEA94545E2F7B13AF1FE73572B3FA3D5633119FBDB9ACF68EB29B69AB68B40EABEE03867F9706F3CAE571EF2EE9E1F1C90FB2A4A5C224389F41C1C33C7CC2FE311509D9EE2F08B5E071ED9FA3B8499D7AB57DD79B3A40E31ECD41D7DD2DEB7B06ACA7B6C93DA6C9F44F1283C0F769F1AB4597707B459D12EA38A4D96827DE856B71AF02450356A996DCED9B570F756B00E8AB4BE8E4E1739BB20E44640F222F0A0780DA6F6CA7CB4B21CC3AA1498365215E8B8D926018171A1369D1553A7F0B83DA2C83D975370950B2D0AE227549D2526C6D635CBDA3B9A57855E18399826578652ACB6CC7D5922C5079DA274302AAFD93B53138278E42A4282A16950252ACAA821438C5FBC7315E6B9A5D578969C9762CF4F48035A83E2B3712246B6C24644E076104411AA558BB37721FC36312FB3884F553DB4A8104A0A892880085771B5C0B546BA56D8CE34EA5ECEB5B4B9CA14ACDD5AAE5480546C93A81E2380A9EEED6F6B38ACC8F45E466CCDEB9824FA483F785B4D47BCC23A4CDEB6B1094E15A0494B9996540A60A52A000078DD5320682BDAADA229754E723EBFBAE347D4B7BADCDE95B80D57188EA99209237E1B7218AAF951C74AC4A8BC691C7C6BD3B5E0687C3F5AA8169DCAE6E887ECEF7E623F829A9FD407A2154E19DE79D327992DA4C9F681E553EA6B43B30BE79A47BD3F8A5294A95524A529421294A5084AAC3A5BFAFC27F9BE61567D561D2D7DA309FE6F9854368ECCF2F5099E87EF8DE0EF91CABEDA7E90F01F2D483A2D740DA2849E28700F10927E00D47F697A43C07C2BABB80D387683392D9540A8F00848957B44F9914B19F18E2B655DA1D63A8098EA1BFF002ADAE9176897B1AE09ECB44363BB2CCF99567F60E551B412011CF5B72EFE1562EF46CAD99D792E3AF32B7875887404B8C9EB49208CA0A889CDCB5D622A2DB67761D6101D4A92FB07D175A39D22FA2A2E0F8DB84CD7751AED624FBF614762B4D1E8A9D3122E004822781C09DD33392E435C2D59B6663DD61CCECB850BEEE5C883623B8DAB1B5529E8C704D3B8A5F5884A8A1B25095090485A4668369B98F19E15CB1A5CE0029ED359B4A8BEA3C4802F1B772936EF748AD2E118A4F54AD03801EACF8EA53EF1DE2A4BB4362E0F1690A53687240297127B51C32B89B91E7155B62B7A82FAC189C0E1C84A820A4365B74039A405824A4A72C69AF2A92AB0CEFD0F0FFECF71C6CA73B8865D52438B6D4648CA410B0144104F056B7BDBA75B58107AC3CFCF1C566AD9606D2A8D7D3FED126275A5A2E26E22F186C882483715958E8F1A6F108C436FB89CAA0A821249ED49198458E9A1B5717A5CD84DA528C5A000A52836B1F88C2949578C2540F3B72AC5FF00A9B8A68943D874929241B16D520E8413AE9C054677AB7C1DC70425490DB60C8489F48DB312753120789A8DF528F4643712AED92C9A4BED6CAB5882D6889917B4DF175E72C73832A3AEF7F7FF0056158D3107C2B2E29116EF3FD456341804DC18B11CE7E113558629F3F0571F43BF667BF313FC24558155F7437F667BF313FC24D5834D6876617CFF0049F7BA9C5294A54AA8A5294A1094A528425563D2C7DA309FE6F98559D55974AFF68C2782BE64D4368ECFC3D4267A1FBDB783FE472AF71FA8F04FC2BBDD1B62037B41B9D16929F35A491EF481E75C3C50F47C0579C33AA6DD0E24C292A041E441041F6814B01D520EC5B57D2E9683A97E2691E377963C94FB68E012E2DDD98F10950529CC038A1685927AA2791B807983C80319C0ED1C46CF754807B9E69693949FBC92923B420D8DED7060DE7FBC7B353B4B08DE299FAD4A73A60DCDBB6D48E2140C778E1335106F6DE1F1680CE3D252EA0656F1494CAA07A21D06EA1337D7C092A33546EABAEE4768D9EEE8C52BB1D635691D66EB5F1519890EFC406243B1207583A4B64CA6DCD94CA9A18DC2D9951871A3AB2E2AF16FBA491ED11A88E0EC3DAABC2E250F26F955DA4E920D883E23D860F0A996C9D9CDE119C515631875A7185250942E54A5FF00BB3962CAD78989EEAAFDCB28D46FBA0E055EB21151AFA64EB370933241181989230273CE1D31758D8F80C684E2C32970A80332A4825264058498241B1907CEAB2DF1C56306302DD4164A23A94A49094A107B3D5A931238DB8F2D07ADD7DE37F06B2A00A9A5415A0D87AC09D0C711AE87845A984C560F68B3A25D4F14A876D048D0C5D0AD6E0F813563AB5DB0203B1E3BD2722AE8AABAD5017D2C1A49BDA3609B81DB700768BC2AF367E319DA88FA3626118B00865F023AC813D5B9CCF1F841B2A15B4300E32EA9971242D2A820FB8F811041EFAB9707D1FE15BC425F4A9CEC282D2924101415985E26240B5727A5DD9682D3789021695841FDE052A5007C083FF31AE6A507EA173B11E6158B1694A02D2DA146751D9111AAEBF0DC76600DE2248554E245AB18020FABEF9BD6D63DA8424C8324C8E222351CAF635AC34F2FD6ABC5E9D932D56F7435F6677F313FC34D58755DF431F667BF307F0C55894D28766160349F7BA9C7E81294A54AA8A5294A1094A528425563D2C7DA309E0BF8A6ACEAABBA5D30FE10F72FE6150DA3B3F0F5099E86136C6F077C8E5067D3E8CDAC3E358969198DE6C3FABD667741E15E7B326D27C6DA5ADDC69615B6A66EF7B54D3A33DBFD52CE19C30870FECCF00E18117E0AB79C73ADFE91374334E2984CA8497503EF73581C4FE21C75D66ABE48116BFBAAD4DC3DEC1884065D57EDD238FF00BC481AF7AB98F3E7162916BC746EE47DFBC926D214AAD9AAFDB680FF0031911B4FD4E44076D5573490133372484C10663591A8D411AD48BA33C2B6BC6A8B801294294D8227B495A003E201547B78549B7BF7202E5EC2A425624A9BD02FBD3C95DDA1EEE35CECFC6BB85C4A5D09295A15749041D60A483712099E226B82D349E3587EEADB2BB34859AA0A2EBC822F37B4919E77E13846F042946D5DEDDA0CBEEB6EE45252A23AB5340A0A66D160A2922E2FA578D99B4B058856644ECFC56816D98614653650B000F2B0E64E95390D60B69B017015232920C38D9D729234D74B83ADEAB6DFADD1FA1290B6CA94CAA46620664AC5E0900032048F03525563DA35A759BEF98E2A9586B59AB1E8037A2AB818117817823E177F8BC1D9337AEFED2DF3DA581586F14C21CB59C4823381C414D8F865913A546378B7B1FC7654AD294360C84A67D288CC49D4C12386B5D4DD6DBCDBE91B3B1BDB6940069C3E9215E8A4027402601EF8F44C0E16D5D88E61310A6577882850100A49B103DDDD0470A89CE7918923EBEF0F4182B966A167A754875368A804823070C359A26ED84620E04832397B4A72F1D6D5A88163E1FAD6F6D54F67CEB491A11DD7AE334C67A8AD9E85CFF867BF307C82AC5AAE7A16FB3BDF983E41563533A1D98583D29DEEA71FA04A52952AA094A528425294A10955674C5F5D861FBABF8D5A755574C7F5F87F515F354169ECCF24D74277D6F077CA542DC3D91587551ACAAD2BCB24956548BC5FBF899F67BA971C56D19702BD363BA6B6363601F79E8C3987520B820E53D823D13F8AF6AD71A6B3FD5EBA3BABB68613141D520A8414948201822E44D8911A5A79D0002403822A1A829B8D312E830369D9963C558DBA5BE21EFF000F891D56241CB0A1942CF213E8AF9A7D9C874F78B75B0F8B12B4E5700ECB890337766FC49EE3E445579D24ED061F71879850502D904A7D2904F65635044E86B6775BA4171A86B1399C4681CD5C03BE4F687BFE156C5617D3A978DBEFD5671FA36AEAB6D764058ECD99839813F29E02705F0EECED1C0ACAD85155ACB6E4C81A0520C9F2208EFAF8ADFF000FB4A6317864AD26C548394823880A90140DE6478559B80DA6CBE8CECB895A78C1B8B68A1AA4F71835E31FB170CF5DD61B59FC4A48CDFF0036BEFAEFA0204D375DE2157FEAAC7BA2D94A5C22F12D708F03CA401B1500E352EE56F32A5402045CCAA00813DD6137AB57A45D9F38765D57D620A50B3CC29249F1ED27DE6A4B80DDEC232ACED3084AB82A2543C0AA48F2A8F7495B4121B4B00F6D4A0B2392005013CA546DEA9AE3A1E8E9BA4E31EAACBB49FDB2D744526901B3338C117E170B8732AABDB08EC799F809F88F6D69BAA26095E7EC800EA40BD8F857476AAC96B270CD9BCC803F40395725888EEB555CD681B7D356B742DF677FF313F20AB1EAB8E85BECEFFE627F862AC7A6343B30B11A57BE54E3F44A5295325E94A528425294A109554F4C9F5F87F515F31AB5AAA9E98FEBF0FEA2BE26A0B4F667926DA13BEB783BE52A14A1D99E16BD606BD23595CD3C8562C3249590012626DC87F7A5C715B5A7F095B08368A9074778469DC5A9B71095A4B6B042AE0DC1B4FDEE322E2A389352CE8B12D1C62B380541B516A7810A4CC77C15794D7B4C4BDA37AAD6E716D9AA9BFE13862B6779FA3B71A9770B2E2352DEAB1E1F8C7FABC6A29B130ACADEEAB10B2D056648547A2BE0560FDD9B1D3C46A2C1C36F93D8578E1B6826C09C8FA5319939BB2A29162989329B8888266BADB6776F078F407505214A1D975B3331C160119B97023491539A2C7DF4F1CDA7DCF9F34AD9A4ABD9DA196B9D523AB51B7F03841BAFC01CCB4DEAB8C4ECDC4E09D82A29244B6EB6A212B1CD2A1E53E5CC4EFE0BA41C737D9250EFAE8BC70BA4A67CE6BB183C2E230FFE0F1C8EB70AE2806DC4C9EAD6AB0295110817F44C6A6244CC577A760B9837820F690A24B4B88912267BEE011DE39D46759A25A48DBB95DA6EA3697EA560D798969B88701F84E447DE6CDDB630ECED0E9171A414A52D367F184127CB3288F754706214A256B51529465449CC499D493CBE1DD5AD8B033DB9F7EBC75EFBD77860FE8D844BAB10EE2094B60898642466578A8948F54FEF1AF09739C64E0A66D2A14180536805D02E179CFC044AE06D63D83E31CFFF00CAE5B7A1ADDDA0AEC79D68B7E89AE335600867356BF42BF677FD74FC9564556FD0B7D43FEBA7E4AB229959FB30B0DA57BE54E3F44A5295325E94A528425294A109554F4C7F5F87F515F1356B5555D2F8FF001186F515F354169ECFC3D536D09DF1BC1DF2950674FE958DA58BA62F339A7B85A3CABEB86B131E91A5AE37ADBD31D55B2835E70B8D5B2EA1E418520CA4F783A1E6089047226BE22B77606C2771AF0690426012A2AD000402A81A9920015E5E623143DCC635CEA91AA05F384672AD56CE176BE10155943583DB69645E0F1498F0239116823ECED0D90ECA492D1363DA536B1C889B2A06968BC122F5BB81DD8C5E108C5601F46212924292827B4127B49CA090B16D019E57BD4CF77F78F0DB41A282067221C657C799483E92678F0B4C5AAE01D211AD73B23B7DFF001BB345E6C61C697F7684C39A7161D86448E6236C182BEEEA6F8318C197EADD03B4D93AC44941FBC3D8472E35E3A476DB56094564021492D1E39F3440F14950F093C2B4315D1CB21C0E619E5B04282A202C0234CA49053CEE4D78E92B7792B6FE94810B4148723EFA09173CCA6D7E53C8448E353A321C3F8F7C153A4CB17DB693A83C804CC118106E049C9D84DF19C8BD43377B64FD2718868FA3254E7AA9B9F6D84F78AECF4ACE118865B02121A1940B012B582079245747A2DC3CB988748D32A127B9454A50FF004A6B074B7B3164B589482520756BFDD825499EE25444F381C4542584522E1B7C814D0DA43B49B293BEEB607F939A0F891038EF55B6295D93E35AC93D935EDE368EFAC693D93FCE6AB029EB85CAD8E85BEA1FFCC4FC9564556FD0B7D9DFFCC4FC9564533A1D98582D2BDF2A71FA25294A992F4A529421294A5084AAB7A5A1FE2B0DEA2BE6AB4AAADE95CFF8BC37736A3FEA3505A3E0E63D535D0DDE87F8BFE52ABE59AC4C9ED1AC8E08907856364F68FF005CA9615BB66056641A957465B4D2CE332AC801E49424FEFE6494FB608F122A3090A509E00C4981CCEA7CEB5173ADC471F85FCABD6B8B4870C9455A836BD37D2760E10AD2DA589C46C871450D87706E28A9209CBD5ACEA80A00C7089041039CCD7989C7B8A7D78A482DA8ACAE5323292B2AB1F3F3AB4772B799BC7B270F88092E84C2D2AD1D481E95FEF0E23CC777177A3A3C7120AB07DA412496CFA63B92745247006FE26F53BD85CD0E65EDD9B125B1DAA9D9EB3A95A806D5300BBEEBC644E5276917E6725DADCEDF6FA4A7AA70246240ECC9C8872073830BE622388E439BBD5BEF28730A96168709C8BEB08B09139424992471B6B37AAF52871A59494A90B490608295020820C18208AB0378F66AB1780671C530F2120B968EB100C668F20B1FBA4F740DACF7B0B41C0788F7E3EBED5D1D65B3DA5950B7AAE740BEE0EC5B191698E47FDA405D0E8AD623123885A0F910A03E06B174A3BCCA651F446ACA713FB457E142B30091DEA8327801DF234FA2AC44627128FC484ABFE4547FE4A876FD620AF1F882782CA7FE99281F2D74FAA451006D851D2B136AE94739E2406B5C3798007983E0A3CE1AF6B7250072EEBDE2D3C40E1E35897407B27C6AAB5686A056DF42BF677FF313F2559155BF42BF677FF313F255914D2CFD98580D2BDF2A71FA25294A992F4A529421294A5084AAB3A54FB6E1BF2CFCCAAB4EAACE953EDB87FCA3F32EA0B47C1CC7AA69A1BBD7E57FCA557535DBDCDDDEFA63CA4E7C8840CCB3124004081C24FBA0F81E18A9CF43EF8FA4BCD9885A0FB52516F613ECA5D4DA1CF00E0B656EAAFA565AAFA788177885E9FDCC69F68BFB39F53A124A4A17E9129B98540BDC18206BAF0A8F6EE6ED3B8CC416337559012E120C809524445BB5262246879576B03B65ED92FBCC4758D6751C86C4DBB2B047A25432CD8DB85AB637377992BDA8E38A406D3891942419485F672C9812A25246972AAEC0A64B41BAFBC2A6EA96CA54AA9610F686EB31F74E46088137490622EBE6563C26E7252EA1584DA4CADD4A86592104949FBB94A81F0D0D5878ADE043018189FD929D104EA84AC65949226076ACAD201248AAFF006D747F8B0EE4C384AD92A2412A0952028E8A93248E62663CAB7F6F6F2B586EAB02E2138B421B09C4124A8F58641C8A3A14DEFC2409045A6638D29BB57CC4FB9BC1E5825F69A4DB6BA9EABFA5C4DDAAD786C6644345F101CD126E0E124AB10A5A7920C21C49BA4C05A4F783715CCDEEC7B6CE11E2B2067429B48E6A5A4A40038F33C80355DBBB2161A562F65E25D5366EB6C2D41E6CF2525246603DB02D985EA2EE63DD71CCEEAD4E2847D6289913A024CFB2BD7DA4C104639CC8E2B8B2E84639E1EDA921A708D57038EA99371DF9E2176F72B1A5ADA4D92602945B50FCCB0FF565AE5EFA32538FC4033F58A57929455FAD683CE292E0524C10B041E441907DB521E931015886F1205B10CB6B1E25111E20207B6AA932D2361F5B93F0DD5B535DF8985BCDA411E44F1850F785F59FED58E4E5F3AFAAAC8A8EAC1FBD98CF84263CE66B96AB552E0AD8E857ECEFFE627E4AB22AB6E853ECEFFAE9F92AC9A6967ECC2F9FE95EF9538FD1294A54C97A5294A1094A528425557D29FDB70FF97FF72EAD4AAB3A54FB6E1FF28FCCBA82D1F07309AE86EF5F95DF2955C204DAB7F76B691C3625B7C09CA648E241ECA80EF20915CF6C8B4E95F10ABC8B7E9CA95E10B785A1C1CD70B8883CD5C5D206EF8C532314C00B71089106438DC15088D4DE446A0917B5538A599D60A4DBBAF36AB67A2EDE5EB11F4470F6D125B24FA48E29E64A787EEFAB5A5D21EE3C9562B0C9BEAEB407995A471EF1C35AB3559D237A567309068EB51B156362B41C3E071BAECBC76E4641C2076B7137C118A6C32F1097C08BE8E803D213AAA351C751C40E6EF2F4720A8BB851ADD4C95403EA28E9E06DDFC2AB16090A904A5520C830419B1045E46B5666EBF48A3EAB16220121D4826C04F6C6A4EB74FB38D7ACAAD7B436A723EFF8DBBFCB5586D164A86BD8703F133F4198C6E10E1376374370188C66CF7C2C34B6D5305052ACAA05574DC5C1E7E0454B37EF75829231CCA0A64254F3717015DA2A8E1AF6879F3AB23098C6DD4E76D69713F892A0A1EEE35836C621A432E29E203610A0A9E2088CB7D4998038CD4C2CC034DF20DE3725B534DD475A18F6D3878B9C07DE063AB1196524DFE07F3EBE139D532626E343CB51CF53523DA08EBF6432EDE70CF29B3DC87005E6B9D01200A8ABFE91E7267FBD4CF711A2F60F68E1CC99405A47EF202943DA427D954997B88DA0FEBF45A8B6453A6DA87EE39A7913A87C9C5404F7FF005C2BD32D67212353CF49B9F85795FF003AF1C2E27FB570D56AA856F7429F677FD74FC9564D56BD09FD9DFF005D3F255954D6CFD985F3FD2DDF2A71FA25294A992E4A529421294A5084AABFA5172316CA63D26B5F052CFF002AB42AABE953EDB87FCA3F32EA1B47C1CC269A1C4DA7F2BBE52AB7E15E1BAC9F1AF28B131DD7FD6F4A485BF6E6B630D885B6B4B88510B4104286A08ABCB73F795BC6B214212EA400EA3918171FBA66DECAA2146B36C9DA4EE1DD4BACA8850E3C08E208E20F2A9A8D6349DB92FD27A35B6DA51838607E8771E706FDC6D9DF0DC26DFCCF61E1B7B529D10B3C4FEEA8F3D0F1D49AAA36960DC65450EA14850D414C1F1EF1DE2C6AEADD1DEE6318802421E03B4D93731A947E24FBC71E67B1B4F65B38846479B4AD3C245C77A542E93DE0D5A7D9D9546BD33FA2CFD974BDA2C2EE82D2D240F11C0E0E1B3760405F9ED9C429B5666DC5031A8514AB412241FD6B2E2F69BEF475AF38E41B675A8C7849B558BB5FA2D49BE1DF527584B9702750149120794F7D47313D1DED149CA96D2B1F892E263FD441F75547507B4DE3DF25A0A5A52C7561C2A09DF71F38F2BB628A3AAB9045A78775AD783565F4398239310E11D9529284F78092A57B949AE66CCE8D314E91D7A92D201BA642D5DF00766FCE7C8D58788EAB01825641950CA0E504DD4AE1278A94B23CCD4F42916BBA475C05E95E98D2146AD1FB2D121CE7102EBC620E38124C6139EE9FCF0E8B9133055F1AC6A35ED5A9F13F1AF06A9B705A4AB8956F7427F677FD74FC95655569D09FD4623D747C86ACBA6D43B30BE79A5BBE54E3F44A5295325E94A528425294A109559F4A7825F5F87763B10A44FEF0CCA00F8827D86ACCAD4C7609B7905B7121493A8F0B8208B820DC11A572F607882AC596D2EB3D5151BBC72220AFCDEA379BC9B924CC9E35F194498E71C27CE38D4B37B360270B882852096D4096D79449EE378241B131A70B835C44ECB07D0707AAAEC9F65E973ECB51A645FC16CACDA76C750439DA87FDC2EF1123C60EE5CE9EEFEFDE0EBE15E63FAFEBC2BA1FEC87B948E6939BD8056BBD81753AB6A1CFB245C78E955CB5C3109B52B451A9D9BDA78381F428DAE08524904104198292348333AF1A9EEC1E921D6D294E253D689CB98407000019D615AC5F29E66ABD47AA4791AC81404CA4924103BA6D31C6BA6542D32D2B8B4D869DA1BAB55923CF91CBDCABDB66EF7E05E00A71084F7387AB33CBB563E535DC6DD4A848208E60CD7E6957F56344A553F7BDF5605B8E607BF1492A7FF2F4C9963DC06F1ADFF95FA1F696DDC2B025E79083F849957920768F90AA8B7EF7C958C21A6C14B29369D5660893CAC6DCB5AE13580757D9CA72EBE895498B5C09FD28DEC17CEA909EF55BFD24D7952AD5AA200BB72EEC9A3EC3617F4952A02E1817102380DBCCC6C5C735E409D2F5204EC04882B767B9026751C7BC70A96EE36EC36FACA8B64348D547D25ABF0C8D044CE58E1CEBC6596A1C6E5DDAB4F59183FB72F3BAE1E27E81CBB9D10ECE5B5855AD7233AFB33C92989F099F654FEB134D2529094801204002C001A002B2D3163435A1A1636D159D5EABAABB1265294A574A14A529421294A5084A5294216A6D0C034FA0B6EA02D2781E7CC1D41EF1507DABD1B024AB0EEC7EE3971E4B4DE3C41F1AB0E942153988DD3C7B5FEE94A038A085FB876BDD5A2B1886ECB0B47AC929F88ABC6942F080715472718BE2A4F28D4AA742045801AC93AF0AC9F4B5714A7D9572B983695E93683E2907F4AC5FEC8C37FF001DAFFA69FE542000305500C42F8253ECAF8712BE6055C0364E1BFF0061AFFA69FE5599AC2B69F45091E0903E1420807154FB4C625CF452E2BD5493F015D2C1EE862DD20A905205C67309577282541607855AB4A100460A15B3B705A0733EB2E1FC0994A7C0924A88F3152F6194A12108484A458240803C00ACD4A17A94A528425294A1094A528425294A1094A528425294A1094A528425294A1094A528425294A1094A528425294A1094A528425294A10BFFD9
--select MAHD,MA_NHANVIEN,MA_KHACHHANG,NGLAP,TRANGTHAIHD,
--TENNV,TENTK,NhanVien.CMND_CCCD AS CMNDNV,NhanVien.DIACHI AS DIACHINV,NhanVien.GIOITINH AS GIOITINHNV,HINHANH,NhanVien.NGAYSINH AS NGAYSINHNV,NGAYVAOLAM,NhanVien.SDT AS SDTNV,CHUCVU,TRANGTHAINV,
--KhachHang.TENKH,KhachHang.CMND_CCCD AS CMNDKH,KhachHang.NGAYSINH AS NGAYSINHKH,KhachHang.GIOITINH AS GIOITINHKH,KhachHang.SDT AS SDTKH,KhachHang.DIACHI AS DIACHIKH,KhachHang.TRANGTHAIKH
--from HoaDon,KhachHang,NhanVien 
--where MA_NHANVIEN=MANV AND MA_KHACHHANG=MAKH
